Image Name,Prompt,Answer,Reason,Stay Duration,Platform,Model Name
-17_20-48-53\TikTok1.jpeg20:49:38,"I am scrolling on tiktok and saw this picture. Baed on the image, is this content interesting? Help me decide. Please include yes or no in your answer, just respond in one word.Explain briefly",Yes,"Yes. The combination of what appears to be animation or gaming characters and food preparation adds a unique and fun element to the content, making it likely to be engaging and interesting to watch.",30,TikTok,GPT4o
-17_20-48-53\TikTok2.jpeg20:50:14,"I am scrolling on tiktok and saw this picture. Baed on the image, is this content interesting? Help me decide. Please include yes or no in your answer, just respond in one word.Explain briefly",Yes,"Yes. The image shows a car that has been involved in a serious accident, turned upside down with significant damage. The text overlay ""my daughter called me this morning"" implies a potentially dramatic or emotional story, which could intrigue viewers and make the content interesting.",30,TikTok,GPT4o
-17_20-48-53\TikTok3.jpeg20:50:50,"I am scrolling on tiktok and saw this picture. Baed on the image, is this content interesting? Help me decide. Please include yes or no in your answer, just respond in one word.Explain briefly",Yes,"Yes. The content appears to be gripping and dramatic, focusing on a serious and intense situation involving a kidnapping and a clever way of seeking help through a 911 call. This context can captivate the audience and evoke emotions, making it an interesting piece of content.",30,TikTok,GPT4o
-17_20-48-53\TikTok4.jpeg20:51:27,"I am scrolling on tiktok and saw this picture. Baed on the image, is this content interesting? Help me decide. Please include yes or no in your answer, just respond in one word.Explain briefly",Yes,"Yes. 

The image appears to show a heartfelt and intriguing storyline, suggesting that a man did something significant with children that left people in shock. The emotional and mysterious nature of the content can capture interest and provoke curiosity.",30,TikTok,GPT4o
-17_20-48-53\TikTok5.jpeg20:52:02,"I am scrolling on tiktok and saw this picture. Baed on the image, is this content interesting? Help me decide. Please include yes or no in your answer, just respond in one word.Explain briefly",Yes,"Yes. The image shows a device that appears to be performing an action on an egg, suggesting a unique kitchen gadget or a cooking hack, which can be intriguing and useful for viewers interested in culinary tips or innovative tools.",30,TikTok,GPT4o
-17_20-48-53\TikTok6.jpeg20:52:37,"I am scrolling on tiktok and saw this picture. Baed on the image, is this content interesting? Help me decide. Please include yes or no in your answer, just respond in one word.Explain briefly",Yes,Yes. This image of colorful crayons arranged in a visually appealing pattern can capture attention due to its bright colors and artistic composition. Such content is often engaging and can invoke curiosity or appreciation from viewers who enjoy creative visuals.,30,TikTok,GPT4o
-17_20-48-53\TikTok7.jpeg20:53:11,"I am scrolling on tiktok and saw this picture. Baed on the image, is this content interesting? Help me decide. Please include yes or no in your answer, just respond in one word.Explain briefly",Yes.,"Yes.

The image appears to combine elements of a text conversation with a scene from a popular video game, likely Minecraft. This blend of personal interaction and gaming content is often engaging for many viewers, particularly those who enjoy creative and humorous takes on everyday conversations within a virtual world.",30,TikTok,GPT4o
-17_20-48-53\TikTok8.jpeg20:53:47,"I am scrolling on tiktok and saw this picture. Baed on the image, is this content interesting? Help me decide. Please include yes or no in your answer, just respond in one word.Explain briefly",Yes,"Yes.

The image features a smiling person with the date ""July 3rd, 2011"" prominently displayed. This combination suggests it might be marking a significant personal moment or a nostalgic memory. This type of content often draws viewers by evoking curiosity and emotional connection, making it interesting.",30,TikTok,GPT4o
-17_20-48-53\TikTok9.jpeg20:54:22,"I am scrolling on tiktok and saw this picture. Baed on the image, is this content interesting? Help me decide. Please include yes or no in your answer, just respond in one word.Explain briefly",Yes,"Yes.

The image suggests a potentially engaging and humorous encounter between a sheriff and a grandma, titled ""Sheriff's Interactions: Grandma vs Sheriff Pt. 1."" This setup hints at a confrontational or comedic interaction, which could be entertaining and appealing to watch.",30,TikTok,GPT4o
-17_20-48-53\TikTok10.jpeg20:54:58,"I am scrolling on tiktok and saw this picture. Baed on the image, is this content interesting? Help me decide. Please include yes or no in your answer, just respond in one word.Explain briefly",Yes,"Yes.

The image shows a newborn baby, which often draws interest due to the emotional and heartwarming nature of such content. The text ""NEWBORN RECEIVES NO"" may intrigue viewers, making them curious about the context and story behind the phrase. This combination can make the content appealing and worth watching.",30,TikTok,GPT4o
-17_20-48-53\TikTok11.jpeg20:55:33,"I am scrolling on tiktok and saw this picture. Baed on the image, is this content interesting? Help me decide. Please include yes or no in your answer, just respond in one word.Explain briefly",Yes,"Yes.

The image displays someone wrapped in what appears to be a fluffy blanket and looking directly into the camera, suggesting a cozy or comforting theme. This kind of content can attract viewers who are interested in lifestyle, comfort, or possibly ASMR videos. The text ""MY"" also looks like part of a statement, which might pique curiosity about the rest of the message or the video's context.",30,TikTok,GPT4o
-17_20-48-53\TikTok12.jpeg20:56:09,"I am scrolling on tiktok and saw this picture. Baed on the image, is this content interesting? Help me decide. Please include yes or no in your answer, just respond in one word.Explain briefly",Yes.,"Yes. The image appears to show a unique process of applying a material, potentially involving a smell test, which might be intriguing and engaging for those curious about such processes.",30,TikTok,GPT4o
-17_20-48-53\TikTok13.jpeg20:56:44,"I am scrolling on tiktok and saw this picture. Baed on the image, is this content interesting? Help me decide. Please include yes or no in your answer, just respond in one word.Explain briefly",Yes,"The image shows two individuals on a motorcycle with the text ""Backpacking my bf for the first time."" This implies it could be an exciting or adventurous first-time experience, likely featuring a motorcycle ride. Such content typically appeals to those interested in adventure, relationships, and first-time experiences. Therefore, it could be interesting to many viewers.",30,TikTok,GPT4o
-17_20-48-53\TikTok14.jpeg20:57:19,"I am scrolling on tiktok and saw this picture. Baed on the image, is this content interesting? Help me decide. Please include yes or no in your answer, just respond in one word.Explain briefly",Yes,"Yes. The image appears to show a person on a massage table or similar setup in what looks like a clinical or spa environment. This type of content might be interesting to viewers who are interested in health, wellness, or relaxation treatments.",30,TikTok,GPT4o
-17_20-48-53\TikTok15.jpeg20:57:54,"I am scrolling on tiktok and saw this picture. Baed on the image, is this content interesting? Help me decide. Please include yes or no in your answer, just respond in one word.Explain briefly",Yes.,"Yes. The image suggests an engaging and interactive TikTok video, likely involving a popular trend or challenge, as indicated by the text ""I've got 17"" and ""My result is..."". The viewer may find it interesting to see what the result is and how it compares to others.",30,TikTok,GPT4o
-17_20-48-53\TikTok16.jpeg20:58:00,"I am scrolling on tiktok and saw this picture. Baed on the image, is this content interesting? Help me decide. Please include yes or no in your answer, just respond in one word.Explain briefly",No,"No.

The image appears to be an extreme close-up of a person's chin and neck area, which might not be considered visually engaging or interesting by many viewers. It lacks context or any evident subject matter that could capture attention.",0,TikTok,GPT4o
-17_20-48-53\TikTok17.jpeg20:58:34,"I am scrolling on tiktok and saw this picture. Baed on the image, is this content interesting? Help me decide. Please include yes or no in your answer, just respond in one word.Explain briefly",Yes.,"Yes.

The image features animated characters in a colorful beach setting, which indicates that the content could be engaging and fun, likely appealing to a younger audience or those who enjoy playful and creative digital environments.",30,TikTok,GPT4o
-17_20-48-53\TikTok18.jpeg20:59:10,"I am scrolling on tiktok and saw this picture. Baed on the image, is this content interesting? Help me decide. Please include yes or no in your answer, just respond in one word.Explain briefly",Yes,"Yes.

This TikTok image appears to have a humorous context, indicated by the text ""Hey Nick, what do you feed an alligator?"" and the comment mentioning ""jokes."" The inclusion of unique elements like aliens and a person in a stylish outfit adds to the entertainment value, making the content intriguing and likely funny.",30,TikTok,GPT4o
-17_20-48-53\TikTok19.jpeg20:59:45,"I am scrolling on tiktok and saw this picture. Baed on the image, is this content interesting? Help me decide. Please include yes or no in your answer, just respond in one word.Explain briefly",Yes,"Yes. The image features a person holding a friendly-looking animal, which can be engaging and endearing to viewers, making the content interesting to watch.",30,TikTok,GPT4o
-17_20-48-53\TikTok20.jpeg21:00:20,"I am scrolling on tiktok and saw this picture. Baed on the image, is this content interesting? Help me decide. Please include yes or no in your answer, just respond in one word.Explain briefly",Yes.,"Yes. The image suggests that the content involves a controversial or dramatic moment (""influencer gets flamed by fans""), which can be intriguing for viewers. The live interaction aspect and the mention of a ""tough watch"" imply that the reactions might be intense or emotional, often drawing in curiosity and engagement.",30,TikTok,GPT4o
-17_20-48-53\TikTok21.jpeg21:00:55,"I am scrolling on tiktok and saw this picture. Baed on the image, is this content interesting? Help me decide. Please include yes or no in your answer, just respond in one word.Explain briefly",Yes,"Yes. The image depicts an emotional and dramatic moment, with an astronaut delivering a final goodbye message to his wife and daughter. This type of content tends to be engaging and can evoke strong emotional reactions from viewers, making it interesting to many people.",30,TikTok,GPT4o
-17_20-48-53\TikTok22.jpeg21:01:31,"I am scrolling on tiktok and saw this picture. Baed on the image, is this content interesting? Help me decide. Please include yes or no in your answer, just respond in one word.Explain briefly",Yes,"Yes. The image shows someone apparently in action with a car and a text overlay that says ""how,"" which suggests that the content could be a tutorial or a demonstration of some kind. This type of content often engages viewers by showing them how to do something practical or interesting.",30,TikTok,GPT4o
-17_20-48-53\TikTok23.jpeg21:01:36,"I am scrolling on tiktok and saw this picture. Baed on the image, is this content interesting? Help me decide. Please include yes or no in your answer, just respond in one word.Explain briefly",No,"No.

The image appears to be taken in a bathroom stall, which typically does not indicate interesting or engaging content. The setting lacks context or any notable features that might make it compelling.",0,TikTok,GPT4o
-17_20-48-53\TikTok24.jpeg21:02:13,"I am scrolling on tiktok and saw this picture. Baed on the image, is this content interesting? Help me decide. Please include yes or no in your answer, just respond in one word.Explain briefly",Yes.,"Yes, the content appears interesting due to the unique and engaging action of the person interacting with what seems to be a distinctive or novel item. This can intrigue viewers and make them curious about the context of the video.",30,TikTok,GPT4o
-17_20-48-53\TikTok25.jpeg21:02:47,"I am scrolling on tiktok and saw this picture. Baed on the image, is this content interesting? Help me decide. Please include yes or no in your answer, just respond in one word.Explain briefly",Yes,Yes. The content appears to be engaging as it addresses a common beauty question—how to achieve white teeth. This is a topic that likely interests many viewers looking for dental care or beauty tips.,30,TikTok,GPT4o
-17_20-48-53\TikTok26.jpeg21:03:23,"I am scrolling on tiktok and saw this picture. Baed on the image, is this content interesting? Help me decide. Please include yes or no in your answer, just respond in one word.Explain briefly",Yes.,"The image captures a curious interaction between a large dog and a small cat in what appears to be a hallway or utility area. Such interactions between animals, especially of different sizes, often intrigue viewers and can be endearing, making this content potentially appealing and interesting for many people.",30,TikTok,GPT4o
-17_20-48-53\TikTok27.jpeg21:03:58,"I am scrolling on tiktok and saw this picture. Baed on the image, is this content interesting? Help me decide. Please include yes or no in your answer, just respond in one word.Explain briefly",Yes,"Yes. This content appears interesting because it depicts a person involved in a sporting activity, likely related to baseball or softball given the catcher's glove and the caption ""live love third base."" It suggests a narrative about sports, which could be engaging for sports enthusiasts.",30,TikTok,GPT4o
-17_20-48-53\TikTok28.jpeg21:04:03,"I am scrolling on tiktok and saw this picture. Baed on the image, is this content interesting? Help me decide. Please include yes or no in your answer, just respond in one word.Explain briefly",No,"No.

The image appears to be taken from inside a vehicle, showing part of the interior and a side mirror. It doesn't provide any clear context or interesting visual elements that would suggest engaging or compelling content.",0,TikTok,GPT4o
-17_20-48-53\TikTok29.jpeg21:04:37,"I am scrolling on tiktok and saw this picture. Baed on the image, is this content interesting? Help me decide. Please include yes or no in your answer, just respond in one word.Explain briefly",Yes,"Yes. The image depicts a person enjoying a meal, likely in a casual setting such as a restaurant or café. This kind of content can be relatable and engaging for viewers, as many people enjoy food-related posts and content that captures everyday moments.",30,TikTok,GPT4o
-17_20-48-53\TikTok30.jpeg21:05:12,"I am scrolling on tiktok and saw this picture. Baed on the image, is this content interesting? Help me decide. Please include yes or no in your answer, just respond in one word.Explain briefly",Yes,"Yes. The image is visually striking and unusual, featuring a person with elaborate makeup and a dramatic expression while holding a kitten. This combination of attention-grabbing elements is likely to intrigue viewers and entice them to watch the content.",30,TikTok,GPT4o
-17_20-48-53\TikTok31.jpeg21:05:17,"I am scrolling on tiktok and saw this picture. Baed on the image, is this content interesting? Help me decide. Please include yes or no in your answer, just respond in one word.Explain briefly",No,"No.

The image shows a game character in Brookhaven with a caption that suggests causing distress to kids in the game. This type of content may not be interesting if you prefer positive or non-disruptive gaming experiences. Additionally, the notion of ""traumatizing"" characters, even in a game, might not align with everyone's idea of fun or appropriate content.",0,TikTok,GPT4o
-17_20-48-53\TikTok32.jpeg21:05:55,"I am scrolling on tiktok and saw this picture. Baed on the image, is this content interesting? Help me decide. Please include yes or no in your answer, just respond in one word.Explain briefly",Yes,"Yes. This image captures a casual outdoor scene that suggests a friendly, possibly humorous interaction between people. There is food present, indicating a picnic or outdoor meal, which often leads to engaging and relatable content. The setting appears relaxed and authentic, typical of enjoyable TikTok videos.",30,TikTok,GPT4o
-17_20-48-53\TikTok33.jpeg21:06:30,"I am scrolling on tiktok and saw this picture. Baed on the image, is this content interesting? Help me decide. Please include yes or no in your answer, just respond in one word.Explain briefly",Yes,"Yes.

The image shows an intriguing experiment where someone is pouring a large amount of water into a tank, possibly to see the effect of 100 liters of water on sticks. This type of content can be engaging due to the curiosity and anticipation about the outcome.",30,TikTok,GPT4o
-17_20-48-53\TikTok34.jpeg21:07:05,"I am scrolling on tiktok and saw this picture. Baed on the image, is this content interesting? Help me decide. Please include yes or no in your answer, just respond in one word.Explain briefly",Yes.,"This image appears to be part of a humorous or relatable TikTok video illustrating a common stereotype or behavior associated with girls, specifically their sleeping position. If you enjoy content that plays on everyday scenarios for comedic effect, you might find this entertaining.",30,TikTok,GPT4o
-17_20-48-53\TikTok35.jpeg21:07:41,"I am scrolling on tiktok and saw this picture. Baed on the image, is this content interesting? Help me decide. Please include yes or no in your answer, just respond in one word.Explain briefly",Yes.,"Yes. The content seems interesting because it features an Insta360 X3 camera, which is known for capturing immersive 360-degree videos and photos. This type of technology tends to appeal to tech enthusiasts and those interested in modern photography and videography tools. The question in the text, ""Remember this gem?"" also suggests a sense of nostalgia or a highlight of its past popularity, potentially engaging viewers who have used or admired this camera before.",30,TikTok,GPT4o
-17_20-48-53\TikTok36.jpeg21:08:16,"I am scrolling on tiktok and saw this picture. Baed on the image, is this content interesting? Help me decide. Please include yes or no in your answer, just respond in one word.Explain briefly",Yes,"Yes. The image shows an emotional moment featuring a dog lying on a gravestone, which seems to convey a sense of loyalty and affection. The overlay text, ""we don't deserve dogs,"" adds emotional depth, making the content touching and likely interesting to many viewers due to its heartfelt nature.",30,TikTok,GPT4o
-17_20-48-53\TikTok37.jpeg21:08:51,"I am scrolling on tiktok and saw this picture. Baed on the image, is this content interesting? Help me decide. Please include yes or no in your answer, just respond in one word.Explain briefly",Yes.,"Yes. The image shows a pancake being cooked and includes text that highlights the sibling bond and a suggestion to send the content to your sister. The theme of family and cooking can be engaging and heartwarming, making it interesting for viewers.",30,TikTok,GPT4o
-17_20-48-53\TikTok38.jpeg21:09:27,"I am scrolling on tiktok and saw this picture. Baed on the image, is this content interesting? Help me decide. Please include yes or no in your answer, just respond in one word.Explain briefly",Yes,"Yes. The image features what seems to be a vibrant and expressive person, which often indicates engaging and lively content on TikTok. The five-star rating at the top could also suggest high quality or popular content.",30,TikTok,GPT4o
-17_20-48-53\TikTok39.jpeg21:10:01,"I am scrolling on tiktok and saw this picture. Baed on the image, is this content interesting? Help me decide. Please include yes or no in your answer, just respond in one word.Explain briefly",Yes.,"Yes. The image shows a sandal with a detailed and attractive design, labeled ""COMFY."" This suggests the content might focus on comfort and style, which could be interesting to viewers looking for fashionable and comfortable footwear options.",30,TikTok,GPT4o
-17_20-48-53\TikTok40.jpeg21:10:35,"I am scrolling on tiktok and saw this picture. Baed on the image, is this content interesting? Help me decide. Please include yes or no in your answer, just respond in one word.Explain briefly",Yes,"Yes, the content looks interesting because it appears to be about ""Toca Life World,"" a popular and engaging game. The use of ""OMG"" and emojis in the overlay suggests that the creator is excited about something surprising or noteworthy in the game, which can pique viewers' interest.",30,TikTok,GPT4o
-17_20-48-53\TikTok41.jpeg21:11:10,"I am scrolling on tiktok and saw this picture. Baed on the image, is this content interesting? Help me decide. Please include yes or no in your answer, just respond in one word.Explain briefly",Yes,"Yes. The content appears to be engaging as the person is discussing their personal experiences with tics, which can be both informative and relatable. Additionally, the fact that this is a part two suggests that there's already an established interest in the topic.",30,TikTok,GPT4o
-17_20-48-53\TikTok42.jpeg21:11:45,"I am scrolling on tiktok and saw this picture. Baed on the image, is this content interesting? Help me decide. Please include yes or no in your answer, just respond in one word.Explain briefly",Yes,"Yes. The image shows a person holding a large, green fruit, likely a pomelo or similar citrus fruit. The unusual size of the fruit might make the content intriguing, potentially leading to a unique or interesting video related to fruit, food, or a surprising reveal.",30,TikTok,GPT4o
-17_20-48-53\TikTok43.jpeg21:12:20,"I am scrolling on tiktok and saw this picture. Baed on the image, is this content interesting? Help me decide. Please include yes or no in your answer, just respond in one word.Explain briefly",Yes,"Yes.

The image shows a variety of colorful luggage and backpacks, with a comment suggesting the need for a family collection of kids' luggage that matches the adults'. This depicts a practical and visually appealing concept that could interest viewers who travel with family, making it an engaging content idea.",30,TikTok,GPT4o
-17_20-48-53\TikTok44.jpeg21:12:55,"I am scrolling on tiktok and saw this picture. Baed on the image, is this content interesting? Help me decide. Please include yes or no in your answer, just respond in one word.Explain briefly",Yes.,"Yes. The image shows a dog on stairs, which often leads to humorous or cute content. The text overlay and emojis suggest something funny or unexpected happened, making it interesting to watch.",30,TikTok,GPT4o
-17_20-48-53\TikTok45.jpeg21:13:36,"I am scrolling on tiktok and saw this picture. Baed on the image, is this content interesting? Help me decide. Please include yes or no in your answer, just respond in one word.Explain briefly",Yes,"Yes.

The image features a vibrant and visually appealing setup with a pool filled with colorful balloons and a large, recognizable character from popular culture. This kind of content is likely to be engaging and attract attention due to its festive and lively atmosphere.",30,TikTok,GPT4o
-17_20-48-53\TikTok46.jpeg21:13:42,"I am scrolling on tiktok and saw this picture. Baed on the image, is this content interesting? Help me decide. Please include yes or no in your answer, just respond in one word.Explain briefly",No,"The image presents a ""Would You Rather"" style choice between two painful options: stepping on nails or stepping on a tack. This kind of content typically seeks to evoke a strong reaction, often of discomfort or curiosity, and engages viewers in discussion or debate. However, it might be considered uninteresting or off-putting to some due to its focus on pain and injury. If you enjoy thought-provoking, albeit slightly distressing, content, you might find it interesting; otherwise, you might not.",0,TikTok,GPT4o
-17_20-48-53\TikTok47.jpeg21:14:16,"I am scrolling on tiktok and saw this picture. Baed on the image, is this content interesting? Help me decide. Please include yes or no in your answer, just respond in one word.Explain briefly",Yes,"Yes. The image appears to touch on a relatable and potentially engaging topic about friendships and gender dynamics, which can pique interest and foster discussion among viewers.",30,TikTok,GPT4o
-17_20-48-53\TikTok48.jpeg21:14:52,"I am scrolling on tiktok and saw this picture. Baed on the image, is this content interesting? Help me decide. Please include yes or no in your answer, just respond in one word.Explain briefly",Yes,"Yes. This content appears interesting if you are into beauty, skincare, or personal care products. The person in the image is holding and possibly reviewing or recommending a product, which could provide useful insights or tips related to skincare.",30,TikTok,GPT4o
-17_20-48-53\TikTok49.jpeg21:15:26,"I am scrolling on tiktok and saw this picture. Baed on the image, is this content interesting? Help me decide. Please include yes or no in your answer, just respond in one word.Explain briefly",Yes,"Yes.

This image shows people in a car, possibly engaging in a casual and relatable activity like eating. Such content is often interesting on platforms like TikTok because it feels authentic and can be entertaining to see people in everyday scenarios.",30,TikTok,GPT4o
-17_20-48-53\TikTok50.jpeg21:16:01,"I am scrolling on tiktok and saw this picture. Baed on the image, is this content interesting? Help me decide. Please include yes or no in your answer, just respond in one word.Explain briefly",Yes,"Yes. 

The image depicts a unique and lively dining experience, likely featuring a charismatic chef or waiter performing at the table while serving food. This kind of engaging and entertaining content is often popular on social media platforms like TikTok.",30,TikTok,GPT4o
